gene,importance
PTPRC,0.026305053157085808
HLA-DPB1,0.025115978442496165
C1QA,0.02100263850870552
C3,0.02047244099723978
LYZ,0.019885676944107544
TRBC2,0.01600795218581153
HLA-DQA1,0.015524233120442942
HLA-DPA1,0.015368123958315459
HLA-DQB1,0.013733395068214707
C1QB,0.013306112329075049
LAPTM5,0.012657891411091362
CCL5,0.012358627205315472
GSTP1,0.012353244616987846
CYBA,0.012019827633316079
LSP1,0.011742275069525113
IL32,0.01135323237846781
CD52,0.011266971328183628
APOE,0.011256175177425855
CORO1A,0.011045297330248302
LIMD2,0.011042545047621276
TIMP1,0.010853436604907497
ZFP36L2,0.010518972625919974
TRAC,0.009461936759917149
ITGB2,0.009401735555062346
IGKC,0.008592378724886876
C1S,0.008445971005330646
SERPINF1,0.008327284740099208
VIM,0.008297175646845713
TXNIP,0.007664671694131081
HLA-A,0.006957749221681381
TYROBP,0.006599600977420999
IGLC2,0.006433011550759228
IGHG3,0.006354590458584199
LTB,0.006350875793475724
HCST,0.006266894168592919
LCP1,0.006243382809698077
CTSS,0.006234862561514957
SERPING1,0.00613305924915758
C1QC,0.006046683300284739
EMP3,0.0059827530916903345
HLA-DMB,0.005292064680868681
GMFG,0.004909952483476465
CCL19,0.004831174669583084
FYB1,0.004789782172804552
TRBC1,0.004723647943914814
C1R,0.004590858714860992
IGHM,0.004584102202368977
HCLS1,0.004488236739350028
HLA-DMA,0.004432212694216706
FXYD5,0.004419309136865519
A2M,0.004324156245368775
LRP1,0.004148150689189232
SFRP2,0.004135302183445834
PLEKHO1,0.004128115783514114
IGHG4,0.0041052829789945625
TCEAL4,0.004100138848141289
COL6A2,0.004039408122641431
CXCR4,0.003998876782209289
HLA-DQA2,0.00394092661329169
IL10RA,0.0038087534879768436
SRGN,0.0037513036373198055
AKNA,0.0037365370562282597
CD53,0.003602531746791909
PTGDS,0.0035839009523039897
AIF1,0.0035764429856906615
GPNMB,0.0034860372816594982
MYO9B,0.003457218821774529
CTSC,0.003288038563082986
CPVL,0.0032577699073214413
ADA2,0.003224137259914146
CYTH4,0.0032163025673863322
WIPF1,0.0031931276393166058
GSN,0.00315090040114249
NCF1,0.0030594964090587483
ARHGAP45,0.0030423292097053025
MAF,0.0030353865795036575
CD27,0.0030223663586152554
FGL2,0.003010751781873704
CD4,0.0029636897355002634
MAN2B1,0.0029483310488611207
S100A4,0.0028641255411886576
CD163,0.002854729475281607
BGN,0.0028537857998622487
CD14,0.0028339055167882613
VSIR,0.0027239626274936047
ITGAL,0.002700787458097856
COTL1,0.002687056256556157
DCN,0.002597121505978982
IGHA1,0.0025209489571428184
APOC1,0.0025096773148050957
CSF1R,0.002492942917473835
IL2RG,0.002399256027535547
TBC1D10C,0.0023984312767077
IGHG1,0.0023338407677592756
MALAT1,0.0023318151732931915
MS4A6A,0.0022901747130484175
CD37,0.0022789424050122594
CCDC80,0.00222255050446676
FBLN1,0.0022063141128072245
CNN2,0.0021681827572064744
CD3E,0.00212516368834733
FLNA,0.002112750409061212
DPYSL2,0.0021019243881125085
LCK,0.0020830471341636144
COX6C,0.0020511212590141616
CD68,0.002023897947099574
SLC39A6,0.0020166379793357773
CTSZ,0.0018810695142523262
IGLC3,0.0018616647663604051
IFI16,0.0018043467803086576
CCND1,0.001752453882666423
SELENOP,0.001738596882909464
MGP,0.0016670817109323173
CSTA,0.0016642797460418577
STK4,0.0016082601780625031
RARRES2,0.0015850924289223572
SOD2,0.0015815973748628963
CXCL12,0.0015740281888910184
ARHGAP4,0.0015705900877973338
SFRP4,0.0015703324674529293
LTBP3,0.0015613739572157977
MYO1F,0.001559536733641528
JAK3,0.0015261139256110313
PPP1R18,0.0015176292277224973
MT-ND2,0.0015076531317403756
NNMT,0.0014854384766372537
ETS1,0.0014151624609655003
CAVIN1,0.0014110911404214663
MPEG1,0.0014000800416960682
TFF1,0.0013566548099395058
S100G,0.0013399411530979843
COL6A3,0.0013181376263694592
GRK2,0.0013162252436304499
MMP9,0.0013157973631933236
CD6,0.001311787216599771
KCTD12,0.0013080291967374812
HK2,0.001299698133262156
HSPG2,0.0012876708143955812
LUM,0.0012597906497762313
STAB1,0.0012428243474882186
THY1,0.0012418711994821928
CD2,0.0012372755514708845
EVI2B,0.0012250081800282613
HEBP1,0.0012237115806912713
GYPC,0.001205314918481792
STK17B,0.001193848052691874
CXCL14,0.00118753299140033
AEBP1,0.0011769313194448406
CCDC85B,0.001174123100571773
IGLC1,0.0011734614179234838
RASAL3,0.0011448410004864021
TMC8,0.0011409302957829175
RNASE1,0.0011381547935051016
RASSF4,0.0011332491829205143
MMP11,0.0011104693909915545
IL7R,0.001095800647727542
SERPINA3,0.0010849453150196258
JAML,0.0010834081498864274
FSTL1,0.001077609388025278
SCD,0.0010707155404563618
SELPLG,0.0010672305383363837
RAC2,0.001060746221431364
SAMHD1,0.0010594368967054505
CASP4,0.0010506047954627136
NKG7,0.0010504878690902985
ADGRE5,0.001042788052411184
SLCO2B1,0.001038994746105194
IKZF1,0.0010360535267232634
GGT5,0.001023693941859492
LGMN,0.0010162087587508694
XIST,0.0010130068171424296
ACAP1,0.0010047497333193355
SLC40A1,0.001003691004919613
CXCL9,0.0010025225498324864
IFIT1,0.0009989461174613585
IGFLR1,0.0009969041546581889
CPB1,0.0009726620159241019
CTSK,0.0009686634484657854
ARL4C,0.000947372836651877
LBH,0.0009289000077066085
STC2,0.0009273391904977124
COL6A1,0.0009145610769480637
ISLR,0.0009121215771405067
IFI27,0.0009054081163357996
PECAM1,0.0008875587932892261
COL1A1,0.0008798900302735613
JCHAIN,0.0008735190303784744
DEF6,0.0008705107626008427
ITGA4,0.0008679278145247573
TNFSF10,0.0008679092594202746
MYL9,0.0008568310009602583
CRISP3,0.0008510995974400182
SCGB2A2,0.0008467403444518252
HTRA1,0.0008453730173470464
H2AFJ,0.0008433201307373417
MT-ND4L,0.0008356446328787872
GFRA1,0.0008322000910780189
MSN,0.0008318751961008085
MS4A7,0.0008241126507236899
SPOCK2,0.0008241039961218346
COL1A2,0.0008224621630899168
ANXA1,0.0008087535892127964
JAK1,0.0008075451629774553
NBL1,0.0008051712079287202
TSPAN4,0.0008023501654677713
UGCG,0.0007985643713254779
EFEMP1,0.0007963379238872484
CYP1B1,0.000789551269348941
ZYX,0.0007887967785358476
FMNL1,0.0007882284938594274
PLTP,0.0007669934056576319
MFGE8,0.0007539349496409448
RARRES1,0.0007538494570062065
MX1,0.000741571951252065
SELL,0.0007400418716790793
IKZF3,0.000739319276558215
FBLN2,0.0007321354222271657
SNCG,0.0007314329268819833
TMEM173,0.0007273270758759944
COL18A1,0.0007242766255015192
AKR1B1,0.0007222628017461505
TRIM22,0.0007209070946157022
SERHL2,0.0007181974632844639
TAGLN,0.000716907520029715
SPARC,0.0007144381658158404
MMP2,0.0007025927997553189
ZEB2,0.0006970957342574845
ZFP36,0.000696425320139034
CFH,0.000690775431186199
S100A9,0.0006893974475351842
VCAN,0.0006858660787532473
ENG,0.0006854588082896804
PCOLCE,0.0006823991085912106
CMTM3,0.000667870400035129
PSTPIP1,0.0006633461076001707
MUC5B,0.0006629714565679563
AL627171.2,0.000661519019703301
GPX3,0.0006610661461473274
CHI3L1,0.0006589723640265126
SLC43A2,0.0006521736663591899
EGFL7,0.000651907148343884
TCF4,0.0006466342305668351
PLXNC1,0.0006455046140009312
MBD3,0.0006443585712047602
AGPAT2,0.0006420405898671528
PCED1B,0.0006413647211008243
FCER1G,0.0006344686186414499
COL3A1,0.0006306953785627603
CLEC2D,0.0006282982751019977
MT-ND5,0.0006264608581200567
DEGS1,0.0006257468681205709
GDF15,0.00062415905778849
TNFAIP2,0.0006231036424406379
FSCN1,0.0006210509327247587
FERMT3,0.0006194381511895491
ARL2,0.0006184977970593771
WSB1,0.0006156811124770361
RCN3,0.0006153367932315543
FOS,0.0006136567388647408
MXRA8,0.0006134453323536598
SEPTIN1,0.0006130412847082028
TIMP3,0.0006069320840437149
ZFPM1,0.0005983447786408683
CRAT,0.000591262458437174
HMGB3,0.0005898605054833373
GAS6,0.0005855691975563087
SLAMF8,0.00058308554988455
TNFRSF1B,0.0005816964572122274
RAMP2,0.0005812039928878363
ITGAX,0.0005730179364631596
IL16,0.0005722579011719729
MGLL,0.0005715286664073021
EMILIN1,0.0005710957159074676
ALB,0.0005682820358500431
CFD,0.0005676747388538844
SPP1,0.0005626818334506491
LIG1,0.0005613769198411469
LTBP2,0.0005591225981051717
TTLL12,0.0005579269438684212
THBS2,0.0005548395729688778
SYNE2,0.0005474077133154706
SPTBN1,0.0005452987126349293
RERG,0.0005449360895377418
TFF3,0.0005429303722529358
PMP22,0.0005423991753472983
CCN2,0.0005422586634968597
MESP1,0.0005400124069665354
POSTN,0.0005395118200379546
NFKB2,0.0005391627077971718
TRPM2,0.0005341734164045168
CLEC7A,0.0005337265155623436
SESN3,0.0005335910787877251
MAP7D1,0.0005315957227014183
INPP5D,0.0005264076283526841
MXRA5,0.000525431500520065
IL20,0.0005227216331581854
GBP4,0.0005214182994546112
SLC15A3,0.0005205865872098311
RESF1,0.000518149018700485
VTCN1,0.0005175919662839283
ANKRD12,0.0005171951862159328
LST1,0.0005164752688301533
KRT37,0.0005161707479990074
NASP,0.0005153089226904549
ID3,0.0005152380856423706
SIGLEC1,0.0005138002714256009
INF2,0.0005121249873095004
LPAR6,0.0005070396968068218
VPS51,0.0005054019756594078
LMO4,0.0005039847031715256
NOTCH3,0.0005028726400948531
ACTA2,0.0005028060690243946
METTL7A,0.0005014588404640669
SPARCL1,0.0004991662887749964
COL5A2,0.0004917655101135823
STRA6,0.0004912772040367062
NDRG1,0.000487253733041718
IGFBP7,0.00048652664156211234
MAFB,0.0004820856437048274
PLCB2,0.000481457215948127
COMP,0.0004782515582235251
AC093001.1,0.0004758205427740665
EIF5AL1,0.00047413850682860055
SORBS3,0.00047364998424090853
MCCD1,0.00047196035596626856
CCDC88A,0.0004717570357382971
FN1,0.0004698925070339402
COL4A1,0.0004696444115084564
SERPINH1,0.0004694061518241496
PRSS23,0.00046605095946023525
CGA,0.0004635703783933996
CNN3,0.0004604855540527704
YBX3,0.0004604316159004613
COL14A1,0.00045864877080062843
MRC2,0.00045704914647960715
BACE2,0.0004546620394859692
NRP1,0.00045261243175211526
ZAP70,0.00045009312597878994
EHBP1L1,0.0004490524864391035
EHD1,0.0004470838063968463
EGR1,0.0004459554068647659
MTUS1,0.0004434608184834678
SEPTIN6,0.0004418155724548697
CLEC10A,0.0004410857151812885
TNFRSF14,0.0004400367644831066
F13A1,0.0004383669073481406
PODN,0.00043335101913678786
CKB,0.0004327569247286458
RBMS1,0.0004323089950346413
SULF1,0.00043190352203690847
AKAP13,0.00043075375123847553
THBS1,0.00043051632290475023
AKAP9,0.0004283170045310118
TGFB1,0.0004253474509623037
SCGB1D2,0.00042464145834952263
PDGFRB,0.00042159904167673095
SGK1,0.0004208731046941758
NID1,0.0004179744506268306
ARHGAP21,0.00041783341848972133
LCP2,0.00041608386624524695
EMP1,0.0004159590222166516
MS4A1,0.00041489231778231434
STYX,0.00041276205564480306
SHISA2,0.00040915015054805064
QKI,0.0004080573876202248
VEGFB,0.0004072372887570452
APOD,0.00040606266594848077
KAT6B,0.00040575495077472504
COL4A2,0.0004056606104013845
CTHRC1,0.00040552201300812513
PDE5A,0.00040543903786199523
PPIG,0.0004043631450564681
VWF,0.00040396146700496404
IFIT3,0.00040245069587048173
FBN1,0.0003986451505376068
ARMT1,0.00039849255308153084
RIF1,0.0003976766216127096
PRPF38B,0.0003975166761802403
PLVAP,0.0003972559263161837
GPSM3,0.0003940231037656087
TMEM119,0.00039317567061917055
EHD2,0.0003908377547050185
PODXL,0.00038793482067601536
TGM2,0.00038752234502782695
POU2F2,0.0003863167917954898
CST1,0.0003857296342697547
MT-ATP8,0.00038049274258465074
TACC1,0.0003786255895553725
NT5DC2,0.0003768144271870286
NFIB,0.000376789137165518
CD247,0.0003763474369087642
C2,0.0003732232489068788
PDLIM7,0.00037309206400994394
MZB1,0.0003728401388276833
TPM1,0.0003708103222094543
TPM2,0.0003707801843507304
PNISR,0.00036979943895407987
MFAP4,0.00036919525323115626
SP140L,0.0003664911394358057
TRIOBP,0.00036625651959496636
KLF2,0.00036462649857416053
ANKRD17,0.00036398775265957434
FAM160B2,0.00036308540993107647
CLSTN3,0.0003630321942856183
PRRX1,0.0003622848547981536
IGFBP3,0.00036131467646138176
SLC30A8,0.00036122039991166833
TPSB2,0.0003610599260885226
COL5A1,0.00036009586234226563
MXRA7,0.00035895917985656703
C11orf96,0.00035841582654865244
LINC02224,0.0003551011315390844
HOMER3,0.00035489044747045876
TBX2,0.00035289001858247406
DAB2,0.0003525995512377588
NCOR1,0.00035190603034351283
CYBRD1,0.00035119610640178996
IGHE,0.00034840861597071614
H19,0.0003482513085234403
UNC93B1,0.00034190915484942223
LRCH4,0.0003411580211523478
THOC2,0.00034108101703433127
SYNE1,0.00034100705742782334
ELN,0.000339576269427321
EVA1B,0.0003394905068354194
MAP3K11,0.00033908759041140766
SGSM3,0.0003387127630067462
OLFML3,0.0003385996345065401
PARP12,0.0003385389593184869
KLHDC7B,0.00033777235954773844
BASP1,0.0003364829961690615
IFI27L2,0.00033606551167061183
TCERG1,0.0003354057810031187
TGFBR2,0.00033260103777077617
PDPN,0.0003323028443341756
MYO1G,0.0003320016176464827
GIMAP5,0.0003317636364424314
DST,0.00032989251543335646
KRT7,0.00032909493830482077
BTN3A1,0.0003290730722230882
CYBB,0.0003277955111136955
SCUBE2,0.00032698793127835895
MPHOSPH8,0.0003266057792419934
CDH11,0.000326293706991632
BOD1L1,0.000325010985847648
ARID5A,0.00032418491274461094
NR1H3,0.00032417235634064234
LHFPL2,0.000320432725433161
MICAL1,0.00032032194170419204
COLEC12,0.00031694127034093855
TBRG4,0.00031687021936947427
PHIP,0.0003160065217408587
ADD3,0.0003159211810833564
CFLAR,0.00031547230816272886
MMP14,0.0003146620745709598
HMOX1,0.0003145228471953569
CCL2,0.0003143404889646163
SPRY1,0.0003141332647186788
NKTR,0.0003120428437827503
CNOT9,0.0003107923801397169
ACKR1,0.00030968265677918034
F2R,0.0003084741166337744
FBXL15,0.0003077483690762103
GP2,0.00030673601661219437
COL2A1,0.00030659750970320025
CCDC43,0.00030650455628100117
AQP1,0.0003055571829517487
PARL,0.00030547607281475157
ST6GALNAC6,0.0003050632561769762
EFEMP2,0.0003050273088941702
CXCL10,0.0003049171785400815
IFI44L,0.00030348254365039737
ABCA7,0.0003027038567690347
ASL,0.00030257170954580635
RBPMS,0.0003013101553373937
MPRIP,0.0002971389806316135
RPS6KA4,0.0002969714499089026
CNRIP1,0.00029642475866219794
COL16A1,0.00029621107268175395
PTGIS,0.00029539378248012195
PGGHG,0.00029535214933692583
CD248,0.0002948971094475256
AARD,0.00029347922663541164
EPB41L2,0.0002930792841815121
RNASE6,0.00029267543405884285
CHKB,0.000292577841361437
PRKCB,0.00029217392338301313
ANPEP,0.00029169592150632564
TGFB3,0.0002916007405973883
MUC19,0.0002914191658382375
CPE,0.00029103522785615103
LINC00645,0.00028919285932002905
PLS3,0.0002883812186661168
PALM,0.0002870313344267254
RIN3,0.0002867181144425092
LGALS9,0.0002862051247021767
CSF1,0.00028595548748406533
MVD,0.00028496402247490195
NR4A1,0.0002849480475170044
LAMA4,0.00028482174013953857
SH3KBP1,0.0002842493160236509
CRISPLD2,0.000283677524630759
BDP1,0.0002830148746999642
HTRA3,0.0002811221665328893
LAMB1,0.00028035695585573316
SLITRK6,0.0002777515761275198
EPAS1,0.00027448132487071125
TCIRG1,0.00027426868870985275
ECM1,0.0002736832461557437
TFE3,0.00027346228795172375
ZNF350-AS1,0.0002723394927194026
ETS2,0.00027175527537187454
FOXP1,0.00027098223086400187
FYN,0.00027079297105970276
RELA,0.0002702269902369232
IGFBP6,0.00027008552045752635
CLDN5,0.0002684016976651637
AIP,0.0002659722734586695
PHF1,0.0002655023696153222
PTGES,0.0002638875905242861
CALD1,0.0002638137379219106
HECTD1,0.00026315807465106977
PLXDC2,0.00026300155936123464
ICMT,0.00026161678014602043
RUNX1,0.00026148366903488464
COL15A1,0.0002608113708604885
IGHG2,0.0002602418598918672
ADH1B,0.00025970971204861777
SMOC2,0.0002596309912803168
DEPP1,0.0002594907350058107
MGST1,0.0002593983895308034
RBM25,0.0002582655646355729
CORO7,0.00025811823893638814
SUGP2,0.00025761423794739885
KMT2C,0.00025721109272541
IFFO1,0.00025626609844229647
TOP3B,0.0002560189088027075
IFIT2,0.00025596906533094155
RAB27A,0.00025497845679015984
PRELP,0.000253651384352841
PLA2G2D,0.000250944807220159
MEG3,0.0002506665286111128
CCN1,0.0002506637653114483
CEP350,0.0002501778109785121
ABLIM1,0.0002490315995611323
COL12A1,0.0002478481600639151
EIF5B,0.0002475365377493159
ABCB8,0.0002472903016966673
TGFBI,0.0002466867371733047
ITGA5,0.00024588864403657953
RRM2,0.0002446899941410133
PIK3CD,0.00024250010222108732
IL4R,0.00024201570184105486
COL8A1,0.0002402511992485488
ARID5B,0.0002396271034434275
MX2,0.00023880631273347195
ICAM1,0.00023868949122020722
PLCG1,0.00023868349013621209
HSPA6,0.00023857170058651464
MAP4K4,0.00023755010443215005
FMOD,0.00023716789095465498
CD79A,0.00023693236497680922
GIMAP1,0.00023623775435746956
CCL18,0.0002355882719372611
PCNX1,0.00023550842463520164
CAVIN3,0.00023522080550032067
NDUFA4L2,0.0002345343933364806
ST6GALNAC4,0.00023338962617708533
FES,0.00023334895738686578
SNTB2,0.00023087488930437203
FLCN,0.0002281869180631528
SIT1,0.0002268551078054582
LIMS1,0.00022667971772780774
DERL3,0.000225628713282512
ERP27,0.00022506594554188759
CLEC11A,0.00022445621066545656
C11orf68,0.00022272142854106423
SRPX,0.00022262135378884224
ARRDC3,0.00022172708247884161
SPON2,0.00022025435637537568
SERPINE2,0.00022017604019018708
TRAF5,0.00021985976972420902
AHR,0.0002197869722745736
NABP1,0.00021836343461028562
CD163L1,0.00021766344019044306
CD93,0.00021676244706825452
CCR7,0.00021673858626355602
FOLR2,0.00021636783137439914
FAP,0.0002142325691996235
MAN1A1,0.00021400255605398503
SUSD2,0.00021320799810470813
FAM78A,0.00021319315010385022
SLIT3,0.0002131202459752023
RGS16,0.00021219176662443833
INAFM1,0.00021212089869764505
NFKBIE,0.0002115943521428207
KIAA1755,0.00021126684260411337
SULF2,0.00020992221737487198
MMP7,0.00020907613383715145
FGFR4,0.00020810194687207937
PLAC9,0.00020754999500655012
CXCL13,0.00020744771091175327
TNFRSF25,0.00020660181396953446
WFDC2,0.00020657327110276252
KMT2A,0.00020606985615210605
RAB8B,0.00020388082368297993
PHLDB1,0.0002035771427824909
LIMS2,0.0002032022576790284
TMEM255B,0.00020318291082354562
ICAM3,0.0002031724054826685
VCL,0.0002023105447535727
LYL1,0.00020202282084952726
LTBP4,0.00020170140835461676
LRRC32,0.0002016655021670987
MEGF6,0.0002003297090972968
PDGFRA,0.00019958117674426988
GNG2,0.00019954553108902844
PITPNM1,0.00019949864778288456
LARP7,0.00019775664628130142
SHLD2,0.00019710693752605498
DPYSL3,0.00019701894864756776
TAF1D,0.00019625634153175954
ZNF446,0.0001942862076507939
DNAJC4,0.0001942681015092738
ATF3,0.00019326432201646673
SOD3,0.00019265533567381518
AC020916.1,0.0001918676149929852
FABP5,0.00019173530449377766
RCAN2,0.0001913492417494975
JAG1,0.0001907888081523595
OLFML2B,0.00019062274804552208
P3H1,0.00019048791940766687
LHFPL6,0.00019046226946507503
LMCD1,0.00018982233028127794
ITM2A,0.00018940051810640993
TM4SF1,0.00018864780489781592
ZBTB48,0.000187335667157495
SYNPO2,0.00018608810028970254
TRAF3IP3,0.00018466039530298922
MMRN1,0.0001841629155499966
FAM98A,0.00018349760504518973
ID1,0.0001833988409338234
ITGBL1,0.0001826153047892538
PROSER1,0.0001816123644812856
BMPR2,0.00018153392890617962
MAP3K8,0.0001814371477902615
PER1,0.0001808563968945867
RASGRP2,0.0001806162839801697
ROBO4,0.00018010297823832492
GCC2,0.00017991151136427427
C6orf141,0.0001780368855575044
GEMIN8,0.0001777963551614537
AC087379.2,0.0001766584803338988
FOSB,0.00017543280418827502
LHPP,0.00017492142390657998
MRC1,0.00017472149144725255
ADAM17,0.0001742181786148639
CRIM1,0.00017375704290616617
PLEKHO2,0.00017373688034244382
TNXB,0.00017362415886750017
ADAM12,0.00017092090501169647
LINC00861,0.00017078695260646816
MRPS30-DT,0.00016969120511335512
CFI,0.00016934425874120724
CHRDL1,0.00016882799472890277
TNS1,0.00016850646592766455
CD109,0.0001679490008632408
KRT14,0.00016773821603625655
FBLIM1,0.00016692151241610027
RAMP3,0.00016530251545092964
UTRN,0.0001652173746356714
DNM3OS,0.0001647834017595196
HLX,0.00016429932164196468
SEMA6B,0.00016422552960874197
LY96,0.00016417324118710405
GSDMB,0.00016415979902234776
C11orf24,0.00016395843532339977
CCDC88B,0.00016383297689362726
FCGR3B,0.00016379260565495496
GMPPB,0.00016318899349258874
DGCR8,0.00016046144942164216
CALCRL,0.0001601059588621008
KMT2E,0.0001599086372846692
KCNJ8,0.00015889353585822168
MOV10,0.00015823744412772958
KLHDC4,0.0001582281311085769
SAA1,0.0001580022370856166
GEM,0.00015794985162567902
SEC31B,0.00015786857384607914
FOSL2,0.00015781718503231636
SHROOM1,0.00015683708689036996
KRT15,0.00015602249904123308
THBS4,0.0001559408856856295
DDR2,0.00015549876758029005
DCHS1,0.00015443123730249594
CDKN1C,0.00015409789938169167
FNDC3A,0.00015408931340772647
NAA25,0.00015204779253246721
SOX18,0.00015158592433495464
FAM133B,0.00015131042426564647
TCN2,0.00015073012151740585
C1orf54,0.00015016152592692506
CCSER2,0.0001493126947399177
BMP1,0.00014848328830414467
GGT6,0.00014802487640542235
POLG,0.00014738871062319454
COL11A1,0.0001472567682932984
CX3CL1,0.00014721918269708766
MIR205HG,0.0001461972557574844
PTGER4,0.00014490803957088998
GPC3,0.0001436316437302713
TINAGL1,0.0001426761663645779
CCNO,0.00014187334614920873
EMILIN2,0.00014179428210514476
ZNF292,0.00014141751473408074
IL6R,0.0001406211167289793
FSTL3,0.00014024925918819465
TTLL3,0.000139673590903158
CCR1,0.0001396463159321601
ABI3BP,0.00013944123199662213
MMRN2,0.00013942966507395673
CCL21,0.000138585151364336
ZBTB17,0.00013806826162374714
FRMD8,0.00013774280469728493
USP53,0.0001375559686162306
RGS5,0.00013721920245221957
THUMPD1,0.00013719586207076084
CWF19L2,0.00013695821171326247
RMND1,0.00013693262591046697
KANK2,0.00013673770076928822
CEACAM6,0.00013628087282099494
ST3GAL5,0.00013617347930327997
STEAP2,0.0001352773314554299
ASCL1,0.00013490649582605286
SYNPO,0.0001345179381826542
RAB34,0.00013425653376121955
TCF7,0.00013386791832808997
DENND1C,0.00013129454916693627
SPHK1,0.00013065710147603705
ADGRL4,0.00012953617855686163
SULT2B1,0.0001292904360063461
ITGA6,0.0001292902345030057
TIGAR,0.00012887287837401673
UACA,0.00012826850887249157
CADM3,0.0001271865381109325
GRK5,0.00012713847266036406
ABCA9,0.0001267542588219632
CAV2,0.00012549857276680448
PCDH18,0.0001254512125189977
NFIA,0.0001250718697291339
APBB1,0.00012431268345620042
S1PR1,0.0001242388342657124
CYGB,0.00012423419628061503
SNX19,0.00012373226740260425
CD19,0.0001235127661888891
CPLX1,0.00012329501514490084
SPON1,0.00012247143289429729
ANK2,0.00012198657872629301
VASN,0.00012192972421365742
C1QTNF1,0.0001219047080761977
IGHGP,0.0001206573582750149
ELK3,0.00012004369377280613
HIC1,0.00011948797412948515
ASPN,0.00011920493354633302
OAF,0.00011890886168759773
CAV1,0.00011853670254604443
NR2F1,0.00011806467252683494
S100A2,0.00011800028508857053
LILRB2,0.00011798431514649138
CCL14,0.00011788091088022071
LOX,0.00011758082158363504
TPSAB1,0.00011755458872604619
FGD2,0.00011730278502134599
ACVRL1,0.00011629856717066715
ATR,0.00011624500007998755
HEYL,0.00011516298817097919
NDP,0.00011509004318993229
FCGR1A,0.00011419356744997398
DPT,0.00011391812842506334
PLXDC1,0.00011332723034759356
CLDN15,0.00011234086783424556
CCDC102B,0.00011182486152762664
PALMD,0.00011078822226482751
IGLC7,0.00011076349658630594
TRPV2,0.00010964967286245612
CPXM1,0.00010779184997699779
RAI14,0.00010694211309998674
ARID4A,0.00010654453371050204
DPP4,0.00010637686561211023
CCN4,0.0001053741752717158
HOOK3,0.00010523695638668756
SCUBE3,0.00010495553063847554
S100A8,0.00010491061499275259
ICAM2,0.00010411978172447774
CHIT1,0.00010389973432776673
CILP,0.00010360751609009053
ADAMTS12,0.00010355933077651267
CYTH3,0.00010346387949925003
IGHA2,0.00010284731726658722
MMP28,0.00010280431585585631
AL365361.1,0.0001027247956578725
PGF,0.00010251586363949544
ADCY3,0.00010222723612438102
FHL1,0.00010184784872856008
SLC15A2,0.00010147454738662012
NT5E,0.00010147306236978658
SOCS5,0.00010101134012626091
ADGRF5,0.00010078061773175546
MAP2K3,0.00010051127098473078
HMGXB4,0.00010023090158127812
KRBA1,0.00010016712776115759
CXCL11,9.994881527751603e-05
KCNK6,9.934844236392e-05
SH3D19,9.92622439861058e-05
SPTSSB,9.787825204917141e-05
REEP2,9.77032886327417e-05
NES,9.706452482855338e-05
SHE,9.697349400651727e-05
PTPRK,9.681527989275357e-05
LY75,9.662307978035666e-05
PLAT,9.621699441260311e-05
CCL4,9.595089966986884e-05
KRT17,9.587253547159879e-05
PPP1R12B,9.535531038718518e-05
GNG11,9.533362586983417e-05
PAPLN,9.52088242906849e-05
CFAP69,9.460089880325446e-05
LINC01503,9.425987812694583e-05
MYO10,9.412798030255487e-05
SNX33,9.409195579434226e-05
SMIM25,9.359624631374853e-05
TMEM91,9.352172673165825e-05
ESAM,9.312368270083828e-05
RNF145,9.301703297651298e-05
SEC23A,9.277568236393831e-05
JSRP1,9.27113445544458e-05
NR4A2,9.22026416976696e-05
MCAM,9.213174329377007e-05
ADAMTS1,9.169932769728785e-05
LPP,9.144587842813429e-05
C7,9.143299857223348e-05
MSMB,9.073071059573802e-05
GRASP,9.010921855660374e-05
CES1,8.926439451904733e-05
FLNC,8.901013783899555e-05
DNAJC21,8.887255848936901e-05
ITGA1,8.853645030988157e-05
PTPRB,8.852219124104059e-05
IL18BP,8.843828480266523e-05
ARMCX2,8.793356174920247e-05
VMO1,8.780910963052532e-05
LTF,8.757249924691788e-05
RPUSD4,8.625716526669276e-05
CCL22,8.611584614087843e-05
SH2D1A,8.604624736425089e-05
NFIX,8.590506952143628e-05
RPS6KA2,8.523797145214615e-05
TNFRSF6B,8.450570585177065e-05
PROS1,8.435986945698354e-05
ZNF506,8.397959424386583e-05
RIPOR2,8.387453849015008e-05
ZBTB18,8.358240466754023e-05
LPCAT4,8.268945314855903e-05
ANKRD44,8.24274135901133e-05
SERPINE1,8.220559238917575e-05
RASA3,8.205453085611129e-05
ZNF282,8.19806965232304e-05
PIP,8.181833122438281e-05
CD34,8.172197643954905e-05
IL33,8.171848155701443e-05
CD79B,8.139238265425658e-05
TNC,8.136076527316899e-05
FABP4,8.118304059598993e-05
KIRREL1,8.110717215325254e-05
AP000525.1,8.040009477201179e-05
TM2D2,8.023095467491621e-05
ADAM28,7.971788468446032e-05
PPP1R14A,7.964215832934853e-05
VHL,7.808399266889645e-05
ZBTB2,7.77413695025913e-05
SYCE1L,7.755727223731014e-05
CDH5,7.752626056771851e-05
CASC15,7.71040428393633e-05
COL5A3,7.708582196674677e-05
PTPRE,7.703289087782732e-05
SEC14L2,7.70318564861131e-05
SOCS3,7.697438174489363e-05
TLCD2,7.689724011796489e-05
DYNC2H1,7.671071277175742e-05
SELP,7.660659400951725e-05
GREM1,7.64863949339181e-05
FRZB,7.634713873555831e-05
IGF1,7.632000788379163e-05
DISP1,7.590923426104075e-05
BOC,7.560860515931547e-05
TUBE1,7.558646184719115e-05
ADAM33,7.506504478495398e-05
EMCN,7.490975225802471e-05
TGFBR3,7.488010851472576e-05
PCDHB4,7.454955411156335e-05
CARTPT,7.438200223202299e-05
DIPK2B,7.437400760790385e-05
AFP,7.421657172436076e-05
LIX1L,7.403648936748262e-05
PLAGL1,7.401273394965737e-05
ARHGAP15,7.293036795850234e-05
NDN,7.279854728001477e-05
ANKRD36B,7.257770380500835e-05
ZNF518B,7.242121247310498e-05
RUNX1T1,7.231148683925221e-05
TBX18,7.168356986498689e-05
CCDC71L,7.133833134372328e-05
CD209,7.080702449261951e-05
IGHD,7.071822309709522e-05
SGIP1,7.071154967133133e-05
ZEB1,7.031565206520887e-05
PIK3CG,7.00978971705683e-05
TMEM47,6.998554865057301e-05
PTPDC1,6.923242858874688e-05
OASL,6.847011016229587e-05
SELE,6.829626894883567e-05
AC245060.5,6.805992084142757e-05
JAM2,6.796821294205205e-05
ANKRD36C,6.728458986903383e-05
SLCO2A1,6.700092211087171e-05
GPR174,6.666261447195061e-05
EDNRA,6.665777058662489e-05
ZNF521,6.661088885821072e-05
BCL2A1,6.655886626070296e-05
AVEN,6.645627357516852e-05
SERPINI1,6.612762133811727e-05
SSPN,6.60703740862329e-05
SLC38A5,6.604640451107329e-05
HSPB6,6.575162658953879e-05
MAOB,6.569481705623187e-05
DUSP6,6.543629203849895e-05
COX7A1,6.537243374193885e-05
RGL1,6.510982868854394e-05
TIE1,6.495026026357395e-05
DNM1,6.476329482032889e-05
PYHIN1,6.4223485356224e-05
CAPN5,6.362139412833798e-05
NLRP1,6.361434304451046e-05
CDC42EP5,6.35919845194807e-05
ENPP2,6.313236458835201e-05
PNPLA7,6.303683458979012e-05
ABCB1,6.292252236482977e-05
VSIG4,6.273745534116728e-05
CNTLN,6.266757623856321e-05
TSPAN7,6.266728785662095e-05
TRIP10,6.245545135736987e-05
LIPE,6.226912663602515e-05
BHMT2,6.222141939174388e-05
BCAR3,6.211718366402706e-05
HSPB7,6.195504050361514e-05
GRAP,6.162369448344059e-05
CDC14B,6.160209795581776e-05
SLIT2,6.153533245016367e-05
TMEM86B,6.140870795117539e-05
NPY1R,6.10391735295076e-05
BRICD5,6.046329140281152e-05
FMO1,6.020207499314779e-05
MPZL2,5.9599880668083004e-05
MMP23B,5.9488270085311724e-05
FOXS1,5.880450025211031e-05
HAS2,5.824804034900116e-05
TMEM225B,5.787622212733802e-05
SPNS2,5.749109076859258e-05
CARMN,5.6588198153569685e-05
SH3BGRL2,5.6569348600917664e-05
LINC00052,5.655691770038037e-05
TSTD2,5.601034464623155e-05
SCARA3,5.600120724933156e-05
LILRA4,5.583955664081218e-05
GPIHBP1,5.582350275785688e-05
ECM2,5.572069469594314e-05
MAPK11,5.5308298966279175e-05
DIO2,5.5221985849305184e-05
FXYD6,5.516482159843167e-05
PDLIM5,5.5125481172848336e-05
ANGPTL4,5.501121419776784e-05
LILRB5,5.46707042114957e-05
C11orf80,5.463897735387963e-05
MCTP1,5.4530149806824045e-05
CPT1C,5.435764669370206e-05
CXCL2,5.395417362060159e-05
EDIL3,5.386141873411994e-05
ST5,5.34176306575752e-05
MAP1A,5.3293903223693564e-05
VEGFC,5.302607801969198e-05
EGFR,5.2737637541735625e-05
RP2,5.257888633898193e-05
CRYBG1,5.250874319515115e-05
GIN1,5.235339022871051e-05
NBPF20,5.22034166785652e-05
SCLT1,5.2142091383243146e-05
TFPI,5.202629853649147e-05
UBASH3A,5.1881542596979364e-05
ZNF550,5.150837688242304e-05
NPR2,5.14951774515401e-05
MALL,5.1307790178152485e-05
APOBEC3D,5.124026294733731e-05
CCDC82,5.104634623771788e-05
FOXF2,5.0966758415054655e-05
FAM76B,5.078597254981236e-05
FCHO1,5.02560179458326e-05
FNDC1,5.0154699999863387e-05
MSRB3,5.012319882424357e-05
BNC2,4.9850055943502894e-05
PI16,4.9624750918657656e-05
SLC26A1,4.953976778268199e-05
KRT5,4.8693907620703844e-05
POU2AF1,4.8661955072179126e-05
LINC01857,4.86134974341649e-05
IRX6,4.8549230318557085e-05
PLA2R1,4.8132062625215634e-05
CP,4.810147636060572e-05
TFB1M,4.809441024064705e-05
F2RL2,4.7884129192776e-05
MUSTN1,4.778999784680945e-05
DZIP1L,4.722787934094907e-05
G0S2,4.689309051050236e-05
LGALS2,4.55775816196338e-05
KRT81,4.557355125357153e-05
AC138696.2,4.550748817878241e-05
NBPF14,4.4869101720483673e-05
S100A3,4.4641326628907394e-05
BICC1,4.429443818019917e-05
CD40LG,4.383180233577554e-05
NAV2,4.349848979657308e-05
EPHB6,4.334487163127019e-05
CLEC14A,4.31033577133831e-05
GLT8D2,4.2828323694648096e-05
ROBO3,4.227501039915011e-05
ZNF624,4.138413041772524e-05
PPL,4.108487490874786e-05
EXOC3L1,4.097696838312671e-05
LYPD5,4.053169177628032e-05
MMP1,3.9995009963873956e-05
TEK,3.997398847801932e-05
AC015849.1,3.963671797037763e-05
BTBD11,3.9491300178016685e-05
NEGR1,3.930178038323168e-05
SLC2A5,3.924112634326328e-05
REELD1,3.911848222237887e-05
NATD1,3.8883781564290466e-05
CDA,3.8842516531713504e-05
MIATNB,3.858358093146917e-05
SEMA5A,3.83842666201994e-05
ID4,3.7836526069340754e-05
MAP1B,3.7574869144324196e-05
BTG3,3.755461644898591e-05
DPEP2,3.750907628486334e-05
SEMA3G,3.715394672554575e-05
ANKRD36,3.670653561844923e-05
AKR1C3,3.670520052768639e-05
NHSL1,3.65746972914766e-05
RTL5,3.6477568936498455e-05
PARP15,3.645935048321212e-05
PPP1R1A,3.597344671302178e-05
MIR100HG,3.57917025742237e-05
CXCR3,3.553731878577355e-05
AC104083.1,3.552659509996952e-05
NOSTRIN,3.428942287887174e-05
PREX2,3.417535302921045e-05
TESC,3.4080321542431704e-05
PLA2G2A,3.403637244765468e-05
CCDC74B,3.390132447226644e-05
SEPTIN4,3.364590474597177e-05
ORAI2,3.3605360602780174e-05
FCN1,3.3476308123156285e-05
PAPSS2,3.3192495369846024e-05
BCL11A,3.313673026910143e-05
AOX1,3.29866879179146e-05
CYP7B1,3.2900263186534585e-05
NFKBIZ,3.287673123511214e-05
CD180,3.277726989337133e-05
ATP11C,3.2346786138927296e-05
AL158152.1,3.228904144481608e-05
ABCC2,3.218741141040293e-05
TWIST1,3.20879764304185e-05
HOTAIRM1,3.188912428565993e-05
FNDC4,3.157646236208119e-05
ECSCR,3.140817215071325e-05
PLPP1,3.12607980492881e-05
PAPPA,3.101982934871147e-05
CCDC3,3.067243918294646e-05
DACT3,3.0437279271416593e-05
PRKCA,3.0151053008917842e-05
CCL8,3.0076734548439575e-05
FBXO17,2.97927591210664e-05
PEAR1,2.9569347180561167e-05
ARHGAP23,2.9357333839268214e-05
SYP,2.932459036952585e-05
AOC3,2.9279965000083906e-05
ADAM22,2.9080445717769512e-05
CLDN11,2.905840900631597e-05
CD300E,2.8821545122542393e-05
MARCO,2.8709899091695757e-05
P2RY8,2.868481444787657e-05
CCN5,2.8659455434106363e-05
PHTF1,2.8495719234295067e-05
FAM13C,2.8114279334528658e-05
PCDHB3,2.8061381473858383e-05
HOXB3,2.765482488607986e-05
SLAMF6,2.751637385240211e-05
PRH1,2.7345645569885116e-05
COX4I2,2.6717167136570512e-05
IL3RA,2.6696758918913193e-05
ARHGAP26,2.657633763039922e-05
TSHZ2,2.6158174167485673e-05
ADAMTSL4,2.6155907575230758e-05
FUT9,2.6103937672957757e-05
HBA2,2.594203976544038e-05
PDK4,2.5791991250180588e-05
INMT,2.5412175954789486e-05
IL18R1,2.528341557911284e-05
LINC01311,2.5267340648672285e-05
PODNL1,2.5243862162198475e-05
NIBAN3,2.4775479053515466e-05
DNMBP,2.472172494778113e-05
RASIP1,2.415483389366825e-05
AKAP12,2.414118152197945e-05
ARHGEF15,2.4115464016501335e-05
WDR97,2.4108411177390676e-05
SCML4,2.408735984557495e-05
INTS6L,2.4071459300327386e-05
CXCL8,2.32036130308582e-05
ZNF594,2.3108117576149276e-05
AC040977.1,2.2685683558403027e-05
ARHGAP44,2.2565405134584153e-05
GPX8,2.2334610242424586e-05
MEOX1,2.2126547693180923e-05
AIM2,2.203836389415982e-05
TRARG1,2.1757016798574842e-05
FRMD4B,2.1677429126177846e-05
B3GNT3,2.1596739957758496e-05
LILRB1,2.1563121442331225e-05
CD1D,2.1541889953000565e-05
CYYR1,2.1371768033545652e-05
KRT6A,2.132142742957683e-05
GARNL3,2.122418847919677e-05
ADAMTSL1,2.117862918361564e-05
FAM126A,2.100238009220702e-05
MEDAG,2.086927239864631e-05
MSANTD4,2.0573090827860425e-05
CCL3,2.0503679324586736e-05
HGF,2.0223980450834123e-05
C16orf54,2.0175659231811754e-05
ABCA6,1.9957178057694778e-05
PGC,1.974349721998669e-05
HACD1,1.969830701261169e-05
NEFH,1.9488460527795434e-05
GNG3,1.9473397061349554e-05
PCDH17,1.9337205928430305e-05
TM6SF1,1.9289719511651368e-05
MEIS2,1.899727488381038e-05
TANC1,1.8806948375635252e-05
MIR22HG,1.86982460853037e-05
MECOM,1.8542061133473107e-05
FXYD1,1.8319821680743457e-05
CPNE8,1.8215901025408246e-05
IGDCC4,1.806353047792233e-05
TMTC1,1.800149137529818e-05
LCN6,1.7910586491687338e-05
ZNF582-AS1,1.776785216271397e-05
FGF7,1.775511847793713e-05
CLEC3A,1.7722704451901733e-05
VNN2,1.698046178131459e-05
DIXDC1,1.6876059746354103e-05
NEXN,1.676185317670346e-05
COL27A1,1.6757425379637248e-05
BIN1,1.6640154907924914e-05
RECK,1.661457552899368e-05
AC021097.2,1.6424900095228478e-05
PLIN1,1.6390032597004696e-05
PCAT19,1.6268917920661448e-05
TRGC2,1.622492376024414e-05
GPR4,1.5897476979701755e-05
LY6H,1.5724514459693847e-05
CPXM2,1.5537802797328072e-05
LINC01411,1.5496207979472337e-05
RASD1,1.5421494156907336e-05
LINC002481,1.5418025621277913e-05
RCOR2,1.5188941939589593e-05
MBNL1-AS1,1.516039965049414e-05
NAP1L3,1.5137866639455279e-05
AC009108.3,1.4968632431559148e-05
ZCCHC18,1.4849202447825219e-05
EIF1B-AS1,1.481746721873282e-05
AC002470.1,1.4670570418489544e-05
AC132938.1,1.4197799253981696e-05
CLECL1,1.3898317158236189e-05
ZBED9,1.371265692361047e-05
MMP3,1.3651041997790816e-05
SWT1,1.320644960273054e-05
TMEM273,1.3125775518622706e-05
BAALC,1.309100998699814e-05
NTRK2,1.3012459976133197e-05
DOK4,1.2952077922422928e-05
DSEL,1.2917067511687633e-05
HSD11B1,1.2823036124553982e-05
ZNF883,1.2759072294711676e-05
SLC16A1-AS1,1.2589705706121882e-05
PLN,1.251513653224677e-05
COL4A4,1.248485253109712e-05
GSPT2,1.2459393386861432e-05
GSTT2B,1.2383398414329522e-05
DLEU1,1.2207650480770109e-05
ABCA8,1.1994297046218026e-05
LXN,1.183547191530546e-05
OGN,1.1688455274673449e-05
SNRK-AS1,1.1367360015486975e-05
FUT7,1.1340017566283895e-05
RHOJ,1.1292624799917422e-05
RAI2,1.1085542133207138e-05
EPHA4,1.1072783200730691e-05
LINC02384,1.1032826339697867e-05
AGAP9,1.1029438305334265e-05
ZNF436-AS1,1.0896901160112736e-05
ALPL,1.087314956210765e-05
LINC00944,1.0776411441514086e-05
PLCXD2,1.0650889913104134e-05
GLI2,1.059607462974959e-05
LGI4,1.0473058351038158e-05
GJC2,1.0470420174366733e-05
GCM1,1.0383658372267333e-05
ANKDD1A,1.0369098173564296e-05
ZNF77,1.034550720383856e-05
CNKSR3,1.0295020830771562e-05
CTTNBP2,1.0196536521543312e-05
MYH11,1.0136234972503739e-05
MIR497HG,1.0075339302488352e-05
SEMA3A,9.997951432575048e-06
PYGM,9.899738385903237e-06
PRKCZ-AS1,9.886105150892457e-06
HSD17B7,9.82935002601031e-06
RASAL2-AS1,9.670933077258232e-06
SHOX2,9.579285325707953e-06
HS3ST2,9.558087077924097e-06
NPR1,9.547476814974384e-06
AL391121.1,9.531419983276257e-06
PCDHB16,9.505813421502457e-06
WDR19,9.229817722823784e-06
ADGRD1,9.197277742922896e-06
BTBD8,9.195918235215395e-06
CHI3L2,9.030735800728247e-06
SETBP1,8.87677409015488e-06
ASGR1,8.790334428670047e-06
LDB2,8.783079588359834e-06
EPHA2,8.749470852722138e-06
PTGIR,8.677965943063002e-06
BVES,8.66464629697688e-06
CDC14A,8.379287040874512e-06
FZD10-AS1,8.3367713520451e-06
RGMA,8.29662550216886e-06
NSG2,8.287913887117695e-06
MITF,8.20849373100289e-06
TTN-AS1,8.176550604838003e-06
GJA4,8.082644705983125e-06
CFAP57,8.068373688081341e-06
MRVI1,8.064635285511064e-06
DMD,8.044864121364278e-06
CAMK4,7.936374550278649e-06
CCDC85A,7.903632048095565e-06
PTGFR,7.71518025303637e-06
RAB3B,7.6269480575308355e-06
SEC16B,7.608984056225063e-06
TSPAN11,7.5133501189857046e-06
MIA,7.474103655871294e-06
FAM43A,7.398803321750717e-06
AASS,7.273527796761027e-06
DUSP18,7.262714535140251e-06
ZNF891,7.2008503446932535e-06
LEPR,7.195518636528175e-06
MFSD4B,7.187260632845444e-06
AP000866.6,7.12240928987143e-06
C2CD4B,7.0016630185435695e-06
M1AP,6.9846643892052815e-06
FMO2,6.8902346798627156e-06
FLT4,6.798020376479343e-06
SGSM1,6.780268085115586e-06
PCDHGA1,6.745850524126692e-06
ZNF354C,6.458993716825545e-06
ADCY4,6.414095537307389e-06
ANK3-DT,6.2875623617577725e-06
HIST1H4C,6.241245920500349e-06
TAF4B,6.206526270908721e-06
B3GNT5,6.203706920475759e-06
PPP1R16B,6.195493944074434e-06
RBMS3,6.1786486914468236e-06
CLIP3,6.124299381670127e-06
PID1,6.049720446789034e-06
F3,5.957645756164454e-06
PRUNE2,5.955508888434097e-06
CR1,5.756492162179477e-06
FAM183A,5.392781634863506e-06
RBP4,5.32950680024242e-06
ZNF462,5.235314639449669e-06
INAFM2,5.218227042327016e-06
ZNF175,5.204754618719331e-06
MME,5.121778614118009e-06
SLC36A4,4.965558186115294e-06
TENM4,4.741380601996391e-06
HOXD9,4.7287128643227266e-06
MYCT1,4.6607068339366895e-06
INKA2,4.411143418218947e-06
CAPN10-DT,4.396078726814085e-06
GFRA3,4.1983081342228e-06
TSPAN32,4.159951518348863e-06
SIGLEC5,4.0979810276352276e-06
NGFR,3.845455566939912e-06
ROR1,3.7539596613461494e-06
FKBP2,3.7205077268213853e-06
KCTD14,3.6722987286644415e-06
LINC00426,3.66100055040671e-06
PLEKHA4,3.500872809382556e-06
PGM2L1,3.42770671350658e-06
PPP1R26-AS1,3.405967348334807e-06
CEMIP,3.346751144071285e-06
SLX1A,3.2808105435491224e-06
LILRA6,3.2055061805301224e-06
RAET1E-AS1,3.1149932145434766e-06
PINX1,3.1022112050944573e-06
RAPGEFL1,2.984782787733739e-06
CCL13,2.9696286784511555e-06
DCLK2,2.9465822072876433e-06
PRSS36,2.9157277046724167e-06
FILIP1L,2.906842554910669e-06
COPG2,2.905330262363526e-06
CYS1,2.8905086827624457e-06
RRAD,2.7781131425391443e-06
SYT5,2.7687090755943815e-06
CCN3,2.714904687839958e-06
MAGI2-AS3,2.653791249203524e-06
KCND1,2.586720006303722e-06
KLRB1,2.5655444175398987e-06
DNM3,2.430756641333659e-06
GPRASP1,2.40582832653708e-06
LAMA2,2.366795661050302e-06
ARHGAP24,2.1913146282759106e-06
FGF2,2.181924994099548e-06
DLEU2,2.165340483977061e-06
DCLK1,2.0815461077166178e-06
ANGPT2,1.9111572860848577e-06
CTSG,1.8633530229578118e-06
OSR1,1.7019644031963174e-06
ZBTB20,1.6488632791290553e-06
REM2,1.4613279742366734e-06
ERAP2,1.459269477644221e-06
LAX1,1.4564213780715529e-06
MDFI,1.4423516449033722e-06
CACNB1,1.2931097773726263e-06
NYNRIN,1.1758104733572082e-06
MICU3,1.1717301356111145e-06
FAM30A,1.125717319451997e-06
DAND5,1.1248645801331242e-06
HOXB4,1.0764691068997992e-06
NAV3,1.0501269333231758e-06
STEAP1,1.0338663207116044e-06
ZKSCAN2-DT,1.0227020384531943e-06
KLHL3,1.0200800061211925e-06
AP002387.2,1.0096318589873418e-06
C19orf38,9.205265058070234e-07
PRG4,8.858601113143861e-07
SVEP1,8.790919554533221e-07
RSKR,8.70119345158593e-07
ARMCX1,8.659816596132513e-07
C1RL-AS1,7.681206074573326e-07
CFP,7.16121044051637e-07
GALNT12,7.040010599326859e-07
SLC22A3,6.644484799278224e-07
AL356488.2,6.584409521766091e-07
S100B,6.567576162696498e-07
CST6,5.887076366423191e-07
FCRL3,5.551421774028079e-07
NRN1,5.479922014991384e-07
CAVIN2,5.337144244923846e-07
LGI2,5.270876495935006e-07
PAX5,4.495806058088791e-07
LAMC3,4.2399763186049814e-07
CIB2,3.5745468661530026e-07
CNN1,3.535186059959456e-07
FDCSP,3.4582862759977356e-07
POPDC2,3.2307289164681167e-07
CSGALNACT1,3.1906472908823796e-07
LINC00865,2.938194641700313e-07
PLIN4,2.930424023408988e-07
SARDH,2.8749975564410536e-07
GJA5,2.7638910703793023e-07
TNFRSF17,2.669551343125532e-07
SFRP1,2.509373950148645e-07
FLRT2,2.434726837080039e-07
PDGFD,2.1367117046844285e-07
MEOX2,2.0565957998705645e-07
LINC02611,1.7167256961596414e-07
HAS2-AS1,0.0
SBSPON,0.0
C8orf89,0.0
AC087672.2,0.0
GABRE,0.0
PNMA3,0.0
RLN2,0.0
AL583785.1,0.0
LINC01235,0.0
C9orf92,0.0
AC100858.3,0.0
ASAP1-IT2,0.0
TMEM71,0.0
AF230666.2,0.0
TG,0.0
AF305872.2,0.0
AC087045.2,0.0
AC087354.1,0.0
AC100803.3,0.0
LY6K,0.0
C8orf31,0.0
AC109322.2,0.0
RMRP,0.0
CA9,0.0
MSMP,0.0
HRCT1,0.0
SPAAR,0.0
AC084125.4,0.0
AF186192.3,0.0
RFX3-AS1,0.0
INSL4,0.0
BASP1-AS1,0.0
AC025178.1,0.0
NPR3,0.0
CAPSL,0.0
CARD6,0.0
C6,0.0
PLCXD3,0.0
APBA1,0.0
MAMDC2,0.0
AL162390.1,0.0
LINC01474,0.0
RORB,0.0
TRPM6,0.0
PCSK5,0.0
AL354733.1,0.0
AL391834.1,0.0
LINC01239,0.0
IFT74-AS1,0.0
DNAI1,0.0
ENHO,0.0
CNTFR,0.0
AL162231.2,0.0
DNAJB5-DT,0.0
AC083973.1,0.0
AL353150.1,0.0
LINC01508,0.0
AL353764.1,0.0
OMD,0.0
LINC00092,0.0
AL590705.1,0.0
AL445531.1,0.0
AL136084.2,0.0
CCIN,0.0
BMS1P14,0.0
CNTNAP3B,0.0
AL512625.3,0.0
PGM5-AS1,0.0
DAPK1-IT1,0.0
ZFHX4,0.0
AC083837.1,0.0
STMN2,0.0
AC036214.1,0.0
AC079209.1,0.0
PMP2,0.0
CA3,0.0
LRRC69,0.0
AC104211.2,0.0
AP003692.1,0.0
C8orf37-AS1,0.0
AP003355.2,0.0
GASAL1,0.0
IDO2,0.0
AL161630.1,0.0
TTLL11,0.0
MORN5,0.0
AL162586.1,0.0
NR4A3,0.0
CAVIN4,0.0
TAL2,0.0
FRRS1L,0.0
ZNF483,0.0
SHOC1,0.0
TNFSF8,0.0
HAND2,0.0
TENM3-AS1,0.0
AC019193.2,0.0
SLC28A3,0.0
NPY2R,0.0
TLL1,0.0
SPOCK3,0.0
SCRG1,0.0
PLPP7,0.0
SORBS2,0.0
FRG1-DT,0.0
AC021087.1,0.0
TPPP,0.0
SLC6A3,0.0
AC091849.2,0.0
AC124852.1,0.0
IRX1,0.0
SNHG18,0.0
AC012629.2,0.0
LCN10,0.0
CCDC183-AS1,0.0
LCNL1,0.0
TUBB8,0.0
PRR26,0.0
AL359878.1,0.0
PITRM1-AS1,0.0
AL450322.1,0.0
AL513303.1,0.0
AL158151.3,0.0
AL353803.5,0.0
HMCN2,0.0
AC097375.1,0.0
RNF175,0.0
AC079298.3,0.0
AC079298.1,0.0
SNTG1,0.0
AC103769.1,0.0
ST18,0.0
RGS20,0.0
PENK,0.0
LINC01602,0.0
NKAIN3,0.0
BHLHE22,0.0
VXN,0.0
PPP1R42,0.0
AC078906.1,0.0
NUGGC,0.0
EXTL3-AS1,0.0
AC044849.1,0.0
AL590226.1,0.0
LINC01095,0.0
AL359546.1,0.0
LINC00702,0.0
AC022535.2,0.0
AKR1C2,0.0
CALML3,0.0
AL732437.2,0.0
LINC02657,0.0
ITIH5,0.0
AL731559.1,0.0
AL158168.1,0.0
OLAH,0.0
CUBN,0.0
VIM-AS1,0.0
ST8SIA6,0.0
ABO,0.0
DKK1,0.0
LNCAROD,0.0
LINC00844,0.0
CACNB2,0.0
AL450384.2,0.0
AL158211.4,0.0
AC080089.2,0.0
TRPC3,0.0
IL2,0.0
LINC01091,0.0
AC093591.2,0.0
AC116563.1,0.0
MGARP,0.0
AC107223.1,0.0
HHIP-AS1,0.0
DKK2,0.0
RPL34-AS1,0.0
COL25A1,0.0
EGF,0.0
LINC02263,0.0
NDST3,0.0
DDIT4-AS1,0.0
LINC02664,0.0
AL022345.4,0.0
AC010864.1,0.0
AL450326.1,0.0
AL137026.1,0.0
AL137026.3,0.0
GDF10,0.0
AC245041.2,0.0
ASAH2,0.0
RNLS,0.0
AL157394.3,0.0
CH25H,0.0
LINC01374,0.0
PPP1R3C,0.0
SLC35G1,0.0
ANKRD2,0.0
CTNNA3,0.0
TBATA,0.0
CHST3,0.0
AC022392.1,0.0
ADH1A,0.0
ADH1C,0.0
LINC02503,0.0
AC004069.1,0.0
AC026979.3,0.0
AC010501.2,0.0
RASGRF2-AS1,0.0
RASGRF2,0.0
AC010623.1,0.0
LINC01949,0.0
MEF2C-AS2,0.0
MEF2C-AS1,0.0
KCNU1,0.0
HTRA4,0.0
AC025857.2,0.0
TRMT9B,0.0
LDB3,0.0
AL157893.2,0.0
AL355334.2,0.0
GOLGA7B,0.0
HPSE2,0.0
NKX2-3,0.0
AC034139.1,0.0
CCDC158,0.0
FRAS1,0.0
LINC01088,0.0
LINC00989,0.0
PRKG2,0.0
AC106881.1,0.0
ADH4,0.0
PITX3,0.0
DLG5-AS1,0.0
AL132656.3,0.0
NUTM2E,0.0
TNNT3,0.0
AC132217.1,0.0
CD81-AS1,0.0
SH3PXD2A-AS1,0.0
COL17A1,0.0
LINC02624,0.0
TDRD1,0.0
EMX2OS,0.0
AC069307.1,0.0
IGFBP7-AS1,0.0
EPHA5,0.0
CXCL1,0.0
AC110760.2,0.0
PPEF2,0.0
AC023282.1,0.0
TLR10,0.0
KLB,0.0
AC108050.1,0.0
GABRA2,0.0
CNGA1,0.0
WDR11-AS1,0.0
C10orf90,0.0
AL157832.1,0.0
EBF3,0.0
JAKMIP3,0.0
AL360181.2,0.0
PRAP1,0.0
SCART1,0.0
AC136475.5,0.0
AC136475.9,0.0
KRTAP5-5,0.0
USH1C,0.0
SAA2,0.0
PTPN5,0.0
NELL1,0.0
AC006299.1,0.0
BDNF,0.0
MPPED2,0.0
KCNQ1OT1,0.0
HBB,0.0
HBG2,0.0
AC092546.1,0.0
PPARGC1A,0.0
AC092834.1,0.0
AC104662.1,0.0
CCKAR,0.0
MYBPC3,0.0
AC090559.1,0.0
AC090559.2,0.0
AC055764.2,0.0
AC253576.2,0.0
AC147067.1,0.0
CYTL1,0.0
STK32B,0.0
EVC,0.0
CRMP1,0.0
TEC,0.0
STK33,0.0
TMEM9B-AS1,0.0
AC079296.2,0.0
LYVE1,0.0
NCR3LG1,0.0
AC124242.1,0.0
LPL,0.0
PHYHIP,0.0
AC037459.2,0.0
AC104561.4,0.0
AF106564.1,0.0
NEFM,0.0
NEFL,0.0
EBF2,0.0
SCARA5,0.0
WDR86-AS1,0.0
PAXIP1-AS2,0.0
VIPR2,0.0
ALX4,0.0
LINC02489,0.0
SNX32,0.0
C4orf50,0.0
AC007370.2,0.0
FAM180B,0.0
AP000662.1,0.0
AP003721.4,0.0
LRRC10B,0.0
SCGB2A1,0.0
ASRGL1,0.0
LRRN4CL,0.0
AP001453.1,0.0
AP001462.1,0.0
MPPED2-AS1,0.0
AL133330.1,0.0
RAG1,0.0
AC087273.2,0.0
PTX3,0.0
ARL14,0.0
ACTRT3,0.0
NAALADL1,0.0
NLGN1,0.0
LINC01208,0.0
LINC00501,0.0
AC007620.3,0.0
CCDC39,0.0
AC108734.4,0.0
ADIPOQ,0.0
MASP1,0.0
SST,0.0
AC073365.1,0.0
AC069213.1,0.0
KCNK7,0.0
MRGPRF-AS1,0.0
AP005233.2,0.0
AP000439.2,0.0
SHANK2-AS1,0.0
AP002490.1,0.0
PDE2A,0.0
CHRDL2,0.0
AP001922.5,0.0
FOSL1,0.0
AP001107.4,0.0
AP001107.5,0.0
SUCNR1,0.0
LINC00880,0.0
AC092944.1,0.0
FAM87A,0.0
AC246817.2,0.0
AC246817.1,0.0
DEFB1,0.0
CLDN23,0.0
AC022784.6,0.0
AC104964.1,0.0
AC104964.4,0.0
AF131215.7,0.0
BLK,0.0
NR2F1-AS1,0.0
POU5F2,0.0
LINC02701,0.0
AP003071.4,0.0
MRGPRF,0.0
MOGAT2,0.0
AP003031.1,0.0
WNT11,0.0
AC083906.3,0.0
AC107027.1,0.0
CPNE4,0.0
ACKR4,0.0
TF,0.0
IL20RB,0.0
AC021074.3,0.0
IGSF10,0.0
RSF1-IT1,0.0
AP003032.1,0.0
ACTN3,0.0
AP003419.3,0.0
AC004908.1,0.0
LSAMP,0.0
AC079841.2,0.0
KLF15,0.0
LAYN,0.0
CRYAB,0.0
LINC02728,0.0
DLG2,0.0
AP003120.1,0.0
DISC1FP1,0.0
GPR83,0.0
PIWIL4,0.0
AP002383.2,0.0
JRKL,0.0
MMP27,0.0
SLCO4C1,0.0
AC008467.1,0.0
EPB41L4A-DT,0.0
AC008494.3,0.0
CDO1,0.0
LINC02147,0.0
AC021097.1,0.0
WDR86,0.0
AC007938.3,0.0
AC016831.7,0.0
GCSAM,0.0
SIDT1-AS1,0.0
ZNF80,0.0
ZBTB20-AS4,0.0
B3GAT1,0.0
BCO2,0.0
TMPRSS5,0.0
APOA1-AS,0.0
AP000892.3,0.0
SMIM35,0.0
SCN4B,0.0
ABCG4,0.0
AP000977.1,0.0
AP001977.1,0.0
SCN3B,0.0
AP000866.1,0.0
DDX25,0.0
CASP5,0.0
AC008522.1,0.0
ITIH3,0.0
FAM107A,0.0
FAM3D,0.0
ADAMTS9,0.0
EBLN2,0.0
LINC02018,0.0
VGLL3,0.0
HTR1F,0.0
EPHA3,0.0
ST3GAL6-AS1,0.0
AC063944.3,0.0
TRAT1,0.0
AP001122.1,0.0
SENCR,0.0
ZBTB44-DT,0.0
PZP,0.0
KLRC3,0.0
AC008115.3,0.0
SMCO3,0.0
AC007655.2,0.0
IQSEC3,0.0
LRTM2,0.0
NRIP2,0.0
AC125807.2,0.0
AC006064.5,0.0
AC137630.1,0.0
AC121247.1,0.0
GNAT1,0.0
LINC02019,0.0
TNNC1,0.0
ZNF660,0.0
ZNF502,0.0
LIMD1-AS1,0.0
TDGF1,0.0
TMIE,0.0
PTH1R,0.0
FBXW12,0.0
RERGL,0.0
PDE3A,0.0
ADAMTS9-AS2,0.0
PIANP,0.0
CLEC4C,0.0
LINC02449,0.0
CLEC6A,0.0
A2ML1,0.0
AC009275.1,0.0
SLC13A4,0.0
DGKI,0.0
CLEC2L,0.0
DENND2A,0.0
AC004918.4,0.0
WEE2-AS1,0.0
TRBV19,0.0
AC244472.1,0.0
AC004889.1,0.0
LUCAT1,0.0
IQUB,0.0
AC019155.2,0.0
CCDC13,0.0
KRBOX1,0.0
ZNF662,0.0
SLCO1C1,0.0
SLCO1B3,0.0
AC053513.2,0.0
SOX5,0.0
AC092794.1,0.0
AC087588.2,0.0
PDZRN4,0.0
AC079600.3,0.0
AC025031.3,0.0
SLC38A4,0.0
LINC02156,0.0
C12orf54,0.0
CCDC65,0.0
PDE6H,0.0
VIPR1-AS1,0.0
AC016831.5,0.0
SYN2,0.0
AC090946.1,0.0
GALNT15,0.0
DHH,0.0
AQP5,0.0
GPD1,0.0
AC008147.2,0.0
CELA1,0.0
C12orf81,0.0
KRT6B,0.0
SP7,0.0
AMHR2,0.0
TESPA1,0.0
ITGA7,0.0
AC034102.8,0.0
CX3CR1,0.0
SYT1,0.0
PPFIA2,0.0
AC010201.1,0.0
AC090016.1,0.0
AC025164.1,0.0
TAC3,0.0
AC079866.2,0.0
AC026124.1,0.0
HMGA2-AS1,0.0
IFNG-AS1,0.0
IFNG,0.0
AC025569.1,0.0
AC083809.1,0.0
TSPAN8,0.0
LGR5,0.0
TCP11L2,0.0
WSCD2,0.0
AC007546.1,0.0
AC073575.2,0.0
DTX1,0.0
CFAP73,0.0
AC004263.1,0.0
ZNF385D,0.0
THRB-IT1,0.0
RBMS3-AS3,0.0
AC025614.2,0.0
AC096921.2,0.0
GADL1,0.0
CCR4,0.0
AC097359.3,0.0
SLC22A14,0.0
AC104809.2,0.0
CNTN4,0.0
AC026202.2,0.0
GRM7,0.0
SRGAP3-AS4,0.0
CIDEC,0.0
AC069234.5,0.0
AC069209.2,0.0
AC156455.1,0.0
AC006065.4,0.0
LINC02397,0.0
LINC02413,0.0
USP44,0.0
AMDHD1,0.0
HELLPAR,0.0
STAB2,0.0
RBM44,0.0
SND1-IT1,0.0
LRRC4,0.0
AC113349.2,0.0
SNCAIP,0.0
LINC01170,0.0
NRG2,0.0
LEP,0.0
AC018638.7,0.0
AC087071.1,0.0
MESTIT1,0.0
ACHE,0.0
AC005072.1,0.0
LINC02610,0.0
OTOS,0.0
FAM124A,0.0
PCDH9,0.0
AL136441.1,0.0
SCEL,0.0
GLT1D1,0.0
PIWIL1,0.0
AC127070.2,0.0
FGF9,0.0
SPATA13-AS1,0.0
GPR12,0.0
MTUS2,0.0
UBE2L5,0.0
AL139383.1,0.0
CABP1,0.0
IQCA1,0.0
AL157762.1,0.0
AL138694.1,0.0
AL139384.2,0.0
F10,0.0
PRKAG3,0.0
WNT6,0.0
SMAD9,0.0
SMAD9-IT1,0.0
AL512506.1,0.0
LRRC63,0.0
AL359880.1,0.0
HTR2A,0.0
RB1-DT,0.0
AL392048.1,0.0
LINC00462,0.0
AC097713.3,0.0
GRTP1-AS1,0.0
DCUN1D2-AS,0.0
AL442125.1,0.0
GAS6-AS1,0.0
LINC00565,0.0
SLAIN1,0.0
AL355578.1,0.0
SLITRK5,0.0
DCT,0.0
SOX21-AS1,0.0
DZIP1,0.0
AL356966.1,0.0
FGF14-AS2,0.0
CCDC168,0.0
AL138689.1,0.0
ZFHX2-AS1,0.0
AL096870.6,0.0
NOVA1,0.0
AL079343.1,0.0
FOXG1,0.0
SSTR1,0.0
AL390800.1,0.0
CRYBA2,0.0
AC009955.1,0.0
SCG2,0.0
SLC19A3,0.0
AC008273.1,0.0
LINC01907,0.0
SPP2,0.0
MAP2,0.0
AC007038.1,0.0
ACADL,0.0
CPS1,0.0
AC108066.2,0.0
AC079610.1,0.0
SPAG16,0.0
AC009974.1,0.0
AL139099.1,0.0
AL139317.3,0.0
AL139317.5,0.0
EDDM3B,0.0
TRAV1-1,0.0
TRAV13-2,0.0
AC244502.1,0.0
ESR2,0.0
AL122035.1,0.0
AL122035.2,0.0
SPTB,0.0
SMOC1,0.0
C2orf88,0.0
AC098617.1,0.0
TMEFF2,0.0
AC068135.2,0.0
ANKRD44-IT1,0.0
PLCL1,0.0
LRFN5,0.0
CDK15,0.0
MYOSLID,0.0
PTH2R,0.0
AL049838.1,0.0
AL359220.1,0.0
RASA4,0.0
AC105052.5,0.0
RELN,0.0
AC005070.3,0.0
AC004839.2,0.0
SLC26A3,0.0
IMMP2L,0.0
FOXP2,0.0
ST7-OT4,0.0
ANKRD7,0.0
KCND2,0.0
PTPRZ1,0.0
DLX5,0.0
ZCWPW1,0.0
ZSWIM2,0.0
C2CD6,0.0
SLC8A3,0.0
AL357153.1,0.0
AC005225.2,0.0
ACOT6,0.0
AC005519.1,0.0
SYNDIG1L,0.0
KCNK10,0.0
AL357093.2,0.0
AL137230.1,0.0
AL512791.2,0.0
UNC79,0.0
SERPINA6,0.0
TCL6,0.0
IGHV3-53,0.0
ATP10A,0.0
TCL1A,0.0
LINC02325,0.0
LINC01550,0.0
AL160313.1,0.0
AL845552.2,0.0
AC073636.1,0.0
AC074286.1,0.0
TTN,0.0
AC010680.3,0.0
CCDC141,0.0
LINC01934,0.0
AC009962.1,0.0
FSIP2-AS1,0.0
AC097500.1,0.0
AC091057.2,0.0
LINC02256,0.0
AC055874.1,0.0
DIRC1,0.0
MEG8,0.0
LINC02285,0.0
DIO3OS,0.0
AL049840.3,0.0
ASPG,0.0
IGHV4-4,0.0
AC247036.1,0.0
IGHV1-24,0.0
IGHV2-26,0.0
IGHV3-33,0.0
IGHV5-51,0.0
AC020659.1,0.0
SHF,0.0
AC025580.1,0.0
SEMA6D,0.0
AC084757.2,0.0
HDC,0.0
GOLGA8M,0.0
AC022613.2,0.0
GOLGA8R,0.0
AC008063.1,0.0
SCN2A,0.0
MYO3B,0.0
LINC01124,0.0
AC104088.1,0.0
AC017048.3,0.0
GOLGA8H,0.0
PCDHAC2,0.0
PCDHB8,0.0
PCDHGA5,0.0
PCDHGA11,0.0
KCTD16,0.0
AC132803.1,0.0
PLAC8L1,0.0
JAKMIP2,0.0
PCOLCE-AS1,0.0
TRIM50,0.0
FZD9,0.0
AC211433.2,0.0
AC087878.1,0.0
GPR176,0.0
C15orf62,0.0
AC020661.4,0.0
AC021752.1,0.0
CYP19A1,0.0
AC018926.1,0.0
MNS1,0.0
AC010999.1,0.0
MYO7B,0.0
AC010976.2,0.0
POTEE,0.0
CACNB4,0.0
LINC01876,0.0
CCDC148,0.0
AC009961.1,0.0
LINC00926,0.0
LIPC,0.0
RYR3,0.0
AC013652.1,0.0
SV2B,0.0
SH3RF3,0.0
RGPD5,0.0
AC090515.2,0.0
AC092868.2,0.0
KBTBD13,0.0
AC110048.2,0.0
CORO2B,0.0
AC027237.2,0.0
AC079322.1,0.0
AC100827.4,0.0
NPTN-IT1,0.0
INSYN1-AS1,0.0
AC010931.2,0.0
AC091100.1,0.0
PLP1,0.0
UPK3B,0.0
FGF13,0.0
SEMA3D,0.0
RUNDC3B,0.0
TMEM52,0.0
LRRD1,0.0
AC007566.1,0.0
ERVW-1,0.0
CALCR,0.0
LINC01445,0.0
SPINK1,0.0
AC104041.1,0.0
GOLGA6L10,0.0
GOLGA6L4,0.0
RHCG,0.0
AC068831.6,0.0
MTRNR2L4,0.0
ACOXL-AS1,0.0
AC068491.3,0.0
AC017002.1,0.0
NT5DC4,0.0
AC104653.2,0.0
AC104653.1,0.0
AC010982.2,0.0
EN1,0.0
AC012508.2,0.0
LINC01197,0.0
LINC00924,0.0
AC024337.2,0.0
NR2F2-AS1,0.0
RASGRF1,0.0
AC109809.1,0.0
PLA2G10,0.0
AC026401.1,0.0
AC087477.2,0.0
AC015722.2,0.0
AC055807.1,0.0
AC036108.3,0.0
AC090825.1,0.0
HBA1,0.0
AL023881.1,0.0
WFIKKN1,0.0
SSTR5-AS1,0.0
RNF151,0.0
AC009065.2,0.0
NTN3,0.0
AC106820.4,0.0
AC108134.2,0.0
IL1RL1,0.0
ECRG4,0.0
AC009021.1,0.0
ERN2,0.0
AC009171.2,0.0
SRL,0.0
AC023830.2,0.0
SEPTIN12,0.0
C16orf89,0.0
LINC01290,0.0
TVP23A,0.0
BCAR4,0.0
AC007216.3,0.0
AL391845.1,0.0
ERCC4,0.0
LINC02185,0.0
VWA5B1,0.0
ITGAD,0.0
ZNF843,0.0
AC007342.1,0.0
AC007336.1,0.0
CAPNS2,0.0
AC092140.2,0.0
AC138969.1,0.0
AC099518.2,0.0
AC002550.1,0.0
NPIPB5,0.0
ADRA2B,0.0
CNNM3-DT,0.0
AC092683.1,0.0
CTRC,0.0
TBC1D8-AS1,0.0
TEPP,0.0
NDRG4,0.0
BEAN1-AS1,0.0
CMTM2,0.0
PRDM16-DT,0.0
AC009061.1,0.0
AC020978.3,0.0
AC020978.4,0.0
AC099521.3,0.0
DNAH6,0.0
TMLHE-AS1,0.0
EIF3CL,0.0
AC145285.3,0.0
AC012645.3,0.0
CTF1,0.0
FBXL19-AS1,0.0
FOXI3,0.0
TEX37,0.0
IGKV4-1,0.0
IGKV1-5,0.0
IGKV1-17,0.0
IGKV2-24,0.0
IGKV1-27,0.0
IGKV2-30,0.0
MAL,0.0
AC126773.4,0.0
AC009032.1,0.0
IL34,0.0
CALB2,0.0
MT1M,0.0
AC012181.1,0.0
CCL17,0.0
AC012511.1,0.0
SPINK5,0.0
SPINK6,0.0
AC008627.1,0.0
ADRB2,0.0
PDE6A,0.0
CDX1,0.0
CAMK2A,0.0
NMUR2,0.0
TIMD4,0.0
AC006480.2,0.0
CALN1,0.0
TYW1B,0.0
EBF1,0.0
LINC02202,0.0
AC008691.1,0.0
ASPA,0.0
P2RX1,0.0
TAT,0.0
HP,0.0
HCCAT5,0.0
VAT1L,0.0
AC027279.1,0.0
LINC01229,0.0
WFDC1,0.0
FOXC2,0.0
AC105429.1,0.0
DOC2B,0.0
LINC02091,0.0
SERPINF2,0.0
TRABD2A,0.0
ATOH8,0.0
AC019171.1,0.0
PKDCC,0.0
PLEKHH2,0.0
AC009236.1,0.0
LINC01118,0.0
AC068193.1,0.0
AC016747.3,0.0
AC012368.2,0.0
ANKRD53,0.0
ACTG2,0.0
AC007387.2,0.0
TACR1,0.0
AC005034.5,0.0
AC005034.4,0.0
REG1A,0.0
AC090617.10,0.0
TVP23C,0.0
AC005838.2,0.0
AC093484.2,0.0
CCDC144A,0.0
TNFRSF13B,0.0
SMCR5,0.0
AC127537.1,0.0
LINC02076,0.0
FOXO3B,0.0
AC007952.7,0.0
AC004771.1,0.0
AC055839.2,0.0
ASGR2,0.0
MEMO1,0.0
AC020594.1,0.0
RMDN2,0.0
AC005291.1,0.0
FABP6,0.0
C1QTNF2,0.0
MIR3142HG,0.0
AC109466.1,0.0
TENM2,0.0
GABRP,0.0
FGF18,0.0
AC011407.1,0.0
BMPER,0.0
AC004951.1,0.0
NACAD,0.0
C7orf65,0.0
LINC02587,0.0
AC002480.2,0.0
AC005224.2,0.0
AC015911.6,0.0
AC015849.4,0.0
CCL23,0.0
GRAPL,0.0
AC015726.1,0.0
LINC02693,0.0
VTN,0.0
COL4A6,0.0
AC130324.1,0.0
AC138207.9,0.0
OMG,0.0
AC005899.5,0.0
CCL7,0.0
TMEM132E,0.0
SLFN13,0.0
SLFN12L,0.0
GJD3,0.0
KRT32,0.0
KCNH4,0.0
FMN2,0.0
GREM2,0.0
MAP1LC3C,0.0
AC082651.3,0.0
Z84485.1,0.0
MIR3681HG,0.0
RAD51AP2,0.0
LINC00632,0.0
KLHL29,0.0
PFN4,0.0
KCNK3,0.0
TCF23,0.0
TOGARAM2,0.0
COLEC11,0.0
AC092580.4,0.0
LINC00299,0.0
AC082651.1,0.0
AC107993.1,0.0
AC067852.3,0.0
AC100793.2,0.0
RND2,0.0
AC243830.1,0.0
AC244093.4,0.0
AC006441.4,0.0
LINC00893,0.0
STAC2,0.0
TCAP,0.0
CSF3,0.0
RARA-AS1,0.0
FAM215B,0.0
AC002558.3,0.0
ITGB3,0.0
IL13RA2,0.0
HOXB5,0.0
AC004797.1,0.0
SGCA,0.0
TMEM92-AS1,0.0
CACNA1G-AS1,0.0
BX323046.1,0.0
C1orf229,0.0
GCSAML,0.0
AC092159.2,0.0
TPO,0.0
AC141930.2,0.0
AC231981.1,0.0
SLC4A1,0.0
AC003043.2,0.0
IL6,0.0
SNHG26,0.0
AC005165.1,0.0
HOXA-AS2,0.0
HOXA10-AS,0.0
HOXA11-AS,0.0
CREB5,0.0
CHN2,0.0
MINDY4,0.0
SOX30,0.0
AL078604.2,0.0
LRCH2,0.0
RUNDC3A,0.0
MAPT-AS1,0.0
RYR2,0.0
ABCA10,0.0
LINC01028,0.0
CACNA1G,0.0
AC006141.1,0.0
TMEM100,0.0
NOG,0.0
AC007114.2,0.0
AC015813.4,0.0
OR4D1,0.0
AC040904.1,0.0
AC005972.3,0.0
GH1,0.0
CEP112,0.0
AC145343.1,0.0
AC005332.7,0.0
AP000915.2,0.0
AP001178.3,0.0
AP000919.4,0.0
AP000919.2,0.0
AP000919.3,0.0
LINC02817,0.0
AL513314.2,0.0
FAM177B,0.0
AC092809.2,0.0
LEFTY2,0.0
AL118511.2,0.0
TRIM67,0.0
LINC00582,0.0
MAP10,0.0
AL122008.1,0.0
TBCE,0.0
AC121320.1,0.0
CHST9,0.0
RNF125,0.0
ASXL3,0.0
AC011815.2,0.0
CELF4,0.0
AC120049.1,0.0
SDK2,0.0
KIF19,0.0
AC064805.1,0.0
HID1-AS1,0.0
FOXJ1,0.0
AANAT,0.0
ENPP7,0.0
AC124319.1,0.0
AC127496.3,0.0
ESRRG,0.0
TGFB2,0.0
SLC30A10,0.0
MRO,0.0
CCDC68,0.0
LINC01415,0.0
AC027097.2,0.0
ALPK2,0.0
MYOM1,0.0
DLGAP1-AS5,0.0
ARHGAP28,0.0
PPP4R1-AS1,0.0
AP001269.2,0.0
ANKRD62,0.0
TTC39C-AS1,0.0
AC090772.3,0.0
AC090125.1,0.0
DIPK1C,0.0
AC015819.2,0.0
LINC01879,0.0
AC018529.2,0.0
ELANE,0.0
GRIN3B,0.0
ADAMTSL5,0.0
AC005256.1,0.0
AC012615.6,0.0
AC104530.1,0.0
AC119403.1,0.0
LIPG,0.0
CR2,0.0
LINC01693,0.0
PROX1,0.0
TNNI1,0.0
IPO9-AS1,0.0
LMOD1,0.0
MYBPH,0.0
LINC01346,0.0
ZC3H11A,0.0
AL592146.2,0.0
SLC26A9,0.0
AC010649.1,0.0
NMRK2,0.0
AL359881.2,0.0
FUT6,0.0
FUT3,0.0
CCBE1,0.0
AC027514.1,0.0
HMSD,0.0
IGFN1,0.0
AGPAT4,0.0
LINC01558,0.0
KIF25-AS1,0.0
AL606970.5,0.0
DACT2,0.0
LINC01624,0.0
AC147651.1,0.0
ELFN1,0.0
AC004160.1,0.0
THSD7A,0.0
ETV1,0.0
AGMO,0.0
AL034417.3,0.0
AL360178.1,0.0
AL121933.2,0.0
AC008764.7,0.0
SLC25A41,0.0
TNFSF14,0.0
AC008760.2,0.0
FCER2,0.0
CLEC4G,0.0
AC008946.1,0.0
AL137796.1,0.0
ANGPTL1,0.0
LINC01344,0.0
LAMC2,0.0
NMNAT2,0.0
AL139424.1,0.0
RGS13,0.0
B3GALT2,0.0
CFHR1,0.0
INSL3,0.0
HAPLN4,0.0
LINC00664,0.0
AL138778.1,0.0
CFHR3,0.0
AC011451.3,0.0
ICAM5,0.0
SMIM10,0.0
AC240274.1,0.0
AC010422.1,0.0
AL683813.1,0.0
OR7C1,0.0
SLC1A6,0.0
EPHX3,0.0
CYP4F22,0.0
AC008894.2,0.0
USHBP1,0.0
LINC01277,0.0
HYMAI,0.0
AL355312.4,0.0
ULBP3,0.0
VIP,0.0
RGS17,0.0
AL355297.4,0.0
AL356417.3,0.0
AL449363.2,0.0
AL359962.2,0.0
Z97200.1,0.0
AL021026.1,0.0
TNFRSF14-AS1,0.0
PAPPA2,0.0
ASTN1,0.0
OR6N1,0.0
CADM3-AS1,0.0
ZNF257,0.0
ZNF99,0.0
AC079466.1,0.0
SLC7A10,0.0
AC008738.2,0.0
AL138930.1,0.0
USF1,0.0
AL592295.5,0.0
AL596325.2,0.0
AL357568.2,0.0
LMX1A,0.0
RXRG,0.0
GPA33,0.0
F2RL3,0.0
LGALS14,0.0
CLC,0.0
GRIK5,0.0
PSG8,0.0
SRRM5,0.0
EML2-AS1,0.0
AC002128.1,0.0
SBSN,0.0
AD000090.1,0.0
UPK1A-AS1,0.0
NFKBID,0.0
AC016590.1,0.0
ZNF573,0.0
FCRL1,0.0
CD1B,0.0
CD1E,0.0
ATP1A2,0.0
SNCB,0.0
FAM153A,0.0
ZNF454,0.0
AC104117.3,0.0
CBY3,0.0
SCGB3A1,0.0
GMDS-DT,0.0
LINC01600,0.0
SERPINB9P1,0.0
LINC00271,0.0
Z97989.1,0.0
Z99289.3,0.0
LINC01268,0.0
AC011479.3,0.0
NCCRP1,0.0
AC010325.2,0.0
KLK10,0.0
SIGLEC7,0.0
HIF3A,0.0
PPP5D1,0.0
GNG8,0.0
S100A7,0.0
TDRD10,0.0
KCNN3,0.0
INSRR,0.0
LINC02772,0.0
AL031728.1,0.0
PLA2G4C-AS1,0.0
SYNGR4,0.0
FCER1A,0.0
SLAMF9,0.0
ZNF813,0.0
AC245884.10,0.0
NCR1,0.0
CLPS,0.0
TMEM150B,0.0
AC006116.11,0.0
ZNF667,0.0
AC005498.1,0.0
AC008403.3,0.0
LHB,0.0
HRC,0.0
SLC6A16,0.0
AC011450.1,0.0
TSKS,0.0
SIGLEC11,0.0
LRRC4B,0.0
ZNF610,0.0
ZNF528-AS1,0.0
FABP7,0.0
NKAIN2,0.0
RSPO3,0.0
KIAA0408,0.0
SOGA3,0.0
H2BFM,0.0
AL133346.1,0.0
LINC01013,0.0
VNN3,0.0
TCF21,0.0
SLC2A12,0.0
AL139274.2,0.0
GJB7,0.0
CNR1,0.0
AL035252.2,0.0
REM1,0.0
AC005498.2,0.0
NUDT4B,0.0
AC245297.3,0.0
MTMR11,0.0
TMOD4,0.0
AL391069.2,0.0
IVL,0.0
SPRR1B,0.0
SPRR2F,0.0
ZFP28,0.0
AC006115.2,0.0
ZIK1,0.0
AC012313.6,0.0
ZNF841,0.0
PPIAL4G,0.0
NNAT,0.0
AL031651.2,0.0
AL359555.4,0.0
AC012313.5,0.0
TCF15,0.0
ANGPT4,0.0
SIRPD,0.0
LINC01730,0.0
ADRA1D,0.0
LINC00654,0.0
BMP2,0.0
SNAP25,0.0
AL050403.2,0.0
ISM1,0.0
OTOR,0.0
WFDC10B,0.0
CDH22,0.0
ZNF334,0.0
AL139351.2,0.0
AL139351.1,0.0
AL031674.1,0.0
CBLN4,0.0
MYH7B,0.0
FAM83C-AS1,0.0
AL591742.2,0.0
DENND2C,0.0
CASQ2,0.0
AC239800.2,0.0
HIST2H3PS2,0.0
ANKRD35,0.0
AC112187.3,0.0
BPI,0.0
AL035665.1,0.0
SRSF12,0.0
AL353135.2,0.0
AL096678.1,0.0
POU3F2,0.0
SOBP,0.0
Z95118.2,0.0
AL359711.2,0.0
AK9,0.0
AL450327.1,0.0
ME1,0.0
EMILIN3,0.0
JPH2,0.0
LINC01260,0.0
PI3,0.0
AP000692.1,0.0
KCNJ6,0.0
PCK1,0.0
AC095032.1,0.0
AL160171.1,0.0
AC016583.2,0.0
SYPL2,0.0
GSTM2,0.0
GSTM5,0.0
KCND3,0.0
AL354760.1,0.0
EDN3,0.0
CDH26,0.0
MIR646HG,0.0
AL121832.1,0.0
BX640514.2,0.0
AL109741.1,0.0
ZNF295-AS1,0.0
TFF2,0.0
AP001627.1,0.0
SLCO4A1-AS1,0.0
NTSR1,0.0
AL121845.4,0.0
CU639417.4,0.0
CU633906.5,0.0
LINC02246,0.0
AJ009632.2,0.0
MIR99AHG,0.0
LINC01549,0.0
AL109761.1,0.0
AP000229.1,0.0
MRAP,0.0
BX322562.1,0.0
AJ239328.1,0.0
AP001469.3,0.0
DIP2A-IT1,0.0
ESM1,0.0
AP000547.3,0.0
AC000068.2,0.0
AC007663.3,0.0
KCNJ15,0.0
LINC01700,0.0
IGSF5,0.0
AL596214.1,0.0
AC099568.2,0.0
GFI1,0.0
AC105942.1,0.0
FRRS1,0.0
AC034238.1,0.0
AL031123.5,0.0
SYCP2L,0.0
AL023583.1,0.0
AL136305.1,0.0
HIST1H1E,0.0
AL353759.1,0.0
HIST1H1D,0.0
AL021807.1,0.0
HIST1H2AG,0.0
PRSS35,0.0
TMEM217,0.0
AL590999.1,0.0
AC008937.3,0.0
AP001065.3,0.0
LINC00165,0.0
RASL10A,0.0
DIRAS3,0.0
LRRIQ3,0.0
ST6GALNAC3,0.0
AL035409.1,0.0
AC093433.2,0.0
LPAR3,0.0
AL360219.1,0.0
AC092807.3,0.0
IGLV6-57,0.0
IGLV1-40,0.0
IGLV3-21,0.0
IGLV3-10,0.0
AATBC,0.0
AP001059.1,0.0
AP001062.3,0.0
SLC16A8,0.0
AL031590.1,0.0
MGAT3,0.0
AL035681.1,0.0
TNFRSF13C,0.0
AC104170.1,0.0
AL050343.2,0.0
AL513218.1,0.0
SLC1A7,0.0
AL590440.2,0.0
AC119674.1,0.0
AL136985.2,0.0
AC099792.1,0.0
NFIA-AS2,0.0
AC099791.4,0.0
CACHD1,0.0
TAFA5,0.0
IL17REL,0.0
PANX2,0.0
AL022328.3,0.0
AL022328.2,0.0
SHOX,0.0
LINC01546,0.0
NLGN4X,0.0
RSPO1,0.0
AC004264.1,0.0
LINC01521,0.0
RFPL2,0.0
SYN3,0.0
Z95114.4,0.0
C22orf23,0.0
AL031587.3,0.0
AL031595.3,0.0
GNMT,0.0
TTBK1,0.0
TMEM151B,0.0
ENPP4,0.0
AL035670.1,0.0
SLC25A27,0.0
PTCHD4,0.0
ADGRB3,0.0
AL365226.2,0.0
AL590428.1,0.0
FILIP1,0.0
TSBP1-AS1,0.0
Z97832.2,0.0
ARMC12,0.0
AL117329.1,0.0
GJA9,0.0
AL603839.3,0.0
TMEM269,0.0
AL139289.2,0.0
MOB3C,0.0
TAL1,0.0
AL135960.1,0.0
TRABD2B,0.0
AL109659.2,0.0
AC079142.1,0.0
MID1,0.0
AC073529.1,0.0
FAM9C,0.0
VEGFD,0.0
Z93241.1,0.0
ATP5MGL,0.0
MTRNR2L10,0.0
ZC4H2,0.0
AL034397.3,0.0
LINC00891,0.0
BMX,0.0
RS1,0.0
CNKSR2,0.0
KLHL34,0.0
FAM110D,0.0
C1orf232,0.0
AL360012.1,0.0
HCRTR1,0.0
AL049795.2,0.0
DCDC2B,0.0
FNDC5,0.0
CSMD2,0.0
AL031432.4,0.0
AL031432.3,0.0
RHCE,0.0
EXTL1,0.0
KLHL4,0.0
PABPC5,0.0
DIAPH2-AS1,0.0
LINC01545,0.0
RGN,0.0
SYN1,0.0
RAB3C,0.0
GATA1,0.0
AC010359.3,0.0
GAGE10,0.0
AL158055.1,0.0
MAGED4,0.0
PWWP3B,0.0
AL109811.1,0.0
ANGPTL7,0.0
LINC02766,0.0
LRRC38,0.0
DANT2,0.0
LINC01285,0.0
TMEM255A,0.0
GRIA3,0.0
AL121601.1,0.0
LINC00629,0.0
PAK3,0.0
CAPN6,0.0
Z68871.1,0.0
Z93943.1,0.0
AVPR2,0.0
RCAN3AS,0.0
HIST1H2BO,0.0
HCG9,0.0
TRIM31,0.0
AL662797.1,0.0
LINC00243,0.0
AL662884.1,0.0
RAB44,0.0
Z85996.3,0.0
AC012213.3,0.0
AC234775.3,0.0
ZFPM2,0.0
MDS2,0.0
CNR2,0.0
MYOM3,0.0
ZNF391,0.0
